﻿<?xml version="1.0"?>
<addon scheme="3.0">
    <id>first_addon</id>
    <name>First addon</name>
    <description>Description of first addon</description>
    <version>1.0</version>
    <priority>100</priority>
    <default_language>en</default_language>
    <status>active</status>
    <auto_install>MULTIVENDOR,ULTIMATE</auto_install>
    <translations>
        <item for="name" lang="ru">Первый модуль</item>
        <item for="description" lang="ru">Описание для первого модуля</item>
    </translations>
    <language_variables>
        <item lang="en" id="my_default_template">My template</item>
        <item lang="ru" id="my_default_template">Мой темплейт</item>
    </language_variables>

    <language_variables>
        <item lang="en" id="material">Material</item>
        <item lang="ru" id="material">Материал</item>
    </language_variables>

    <queries>
        <item for="install">
            ALTER TABLE `?:product_descriptions`
                ADD `material` VARCHAR(255) NOT NULL,
                ADD `comments` MEDIUMTEXT NOT NULL,
		ADD `available_since` INT(9) NOT NULL;
        </item>
        <item for="uninstall">
            ALTER TABLE `?:product_descriptions`
                DROP `material`,
                DROP `comments`,
		DROP `available_since`;
        </item>
    </queries>
</addon>